{"cameraMode":{"drawMode":0,"name":"Shaded","section":"Shading Mode"},"sceneLighting":true,"audioPlay":false,"sceneViewState":{"m_AlwaysRefresh":false,"showFog":true,"showSkybox":true,"showFlares":true,"showImageEffects":true,"showParticleSystems":true,"showVisualEffectGraphs":true,"m_FxEnabled":true},"in2DMode":false,"pivot":{"x":-22.253814697265626,"y":20.798370361328126,"z":10.148429870605469},"rotation":{"x":-0.15603932738304139,"y":-0.35423386096954348,"z":0.06005934253334999,"w":-0.9200441837310791},"size":12.208009719848633,"orthographic":true}