{"cameraMode":{"drawMode":0,"name":"Shaded","section":"Shading Mode"},"sceneLighting":true,"audioPlay":false,"sceneViewState":{"m_AlwaysRefresh":false,"showFog":true,"showSkybox":true,"showFlares":true,"showImageEffects":true,"showParticleSystems":true,"showVisualEffectGraphs":true,"m_FxEnabled":true},"in2DMode":false,"pivot":{"x":-11.089630126953125,"y":-23.0133056640625,"z":57.626190185546878},"rotation":{"x":0.40445414185523989,"y":-0.46741291880607607,"z":0.2541363537311554,"w":0.7438809871673584},"size":50.352455139160159,"orthographic":true}