{"cameraMode":{"drawMode":0,"name":"Shaded","section":"Shading Mode"},"sceneLighting":true,"audioPlay":false,"sceneViewState":{"m_AlwaysRefresh":false,"showFog":true,"showSkybox":true,"showFlares":true,"showImageEffects":true,"showParticleSystems":true,"showVisualEffectGraphs":true,"m_FxEnabled":true},"in2DMode":false,"pivot":{"x":-25.283763885498048,"y":10.947369575500489,"z":34.72346878051758},"rotation":{"x":-0.0026814539451152088,"y":-0.983869731426239,"z":0.014755988493561745,"w":-0.17811168730258943},"size":13.168593406677246,"orthographic":true}