{"cameraMode":{"drawMode":0,"name":"Shaded","section":"Shading Mode"},"sceneLighting":true,"audioPlay":false,"sceneViewState":{"m_AlwaysRefresh":false,"showFog":true,"showSkybox":true,"showFlares":true,"showImageEffects":true,"showParticleSystems":true,"showVisualEffectGraphs":true,"m_FxEnabled":true},"in2DMode":false,"pivot":{"x":7.2985687255859379,"y":163.06329345703126,"z":16.03469467163086},"rotation":{"x":-0.014750903472304345,"y":-0.1813616007566452,"z":-0.0027211091946810486,"w":0.9833208322525024},"size":47.40862274169922,"orthographic":true}